{"teacher_loss": 1.3233967757225036, "full_loss": 1.8894148277355414, "nle_loss": 2.3523385551812526, "teacher_perplexity": 2.502546325825242, "nle_perplexity": 5.106513272884769, "Accuracy": 0.806, "BLEU": 0.049199427015482994}