{"teacher_loss": 0.5093625840859685, "full_loss": 0.967357963457672, "nle_loss": 1.1706532738574893, "teacher_perplexity": 1.4234211563775796, "nle_perplexity": 2.251136086659465, "Accuracy": 0.9044177524429967, "BLEU": 0.15836544745309566}