{"teacher_loss": 1.1526006317138673, "full_loss": 1.8481040732978018, "nle_loss": 2.309704105109907, "teacher_perplexity": 2.223142817225558, "nle_perplexity": 4.957813854252378, "Accuracy": 0.793, "BLEU": 0.039048192801933855}