{"teacher_loss": 2.4784643983840944, "full_loss": 2.4784643710886667, "nle_loss": 9.462837364196778, "teacher_perplexity": 5.573039575522334, "nle_perplexity": 705.6638839628353, "Accuracy": 0.793, "BLEU": 0}