{"teacher_loss": 1.851001627445221, "full_loss": 2.5925752960771313, "nle_loss": 3.2487103190933135, "teacher_perplexity": 3.607505583006083, "nle_perplexity": 9.50515609424649, "Accuracy": 0.831, "BLEU": 0.03092720231144961}