{"teacher_loss": 5.963114788861779, "full_loss": 5.1168165718964245, "nle_loss": 4.100135389374201, "teacher_perplexity": 62.384459835070395, "nle_perplexity": 17.149984761319942, "Accuracy": 0.5147597719869706, "BLEU": 0}