{"teacher_loss": 1.6256513893604279, "full_loss": 2.5522082700449564, "nle_loss": 3.2162775983023275, "teacher_perplexity": 3.0858146084640428, "nle_perplexity": 9.293857974811022, "Accuracy": 0.832, "BLEU": 0}