{"teacher_loss": 1.3398529464006423, "full_loss": 1.913556627662324, "nle_loss": 2.381256732072308, "teacher_perplexity": 2.531255164488897, "nle_perplexity": 5.209903794383034, "Accuracy": 0.878, "BLEU": 0.06402424443473921}