{"teacher_loss": 1.5553253065279828, "full_loss": 2.7610971797790014, "nle_loss": 2.45921418185147, "teacher_perplexity": 2.938999893128039, "nle_perplexity": 5.499171126140966, "Accuracy": 0.04346498371335505, "BLEU": 2.08465580672174e-208}