{"teacher_loss": 1.988744728565216, "full_loss": 1.9887446446308876, "nle_loss": 7.480442446708679, "teacher_perplexity": 3.9689151740791044, "nle_perplexity": 178.5819485305815, "Accuracy": 0.862, "BLEU": 0}