{"teacher_loss": 1.1827312505245209, "full_loss": 1.8973806484489177, "nle_loss": 2.370247445362194, "teacher_perplexity": 2.2700612912085627, "nle_perplexity": 5.170298035628037, "Accuracy": 0.862, "BLEU": 0.049961580421585744}