{"teacher_loss": 1.6843838798999786, "full_loss": 2.399497987965736, "nle_loss": 3.003295757674932, "teacher_perplexity": 3.214031079588028, "nle_perplexity": 8.018296451784728, "Accuracy": 0.828, "BLEU": 0.0362437123624994}