{"teacher_loss": 0.49582795005261415, "full_loss": 0.9418839841079861, "nle_loss": 1.1395252052052145, "teacher_perplexity": 1.410129784109364, "nle_perplexity": 2.2030850712470706, "Accuracy": 0.9097109120521173, "BLEU": 0.19269331176841858}