{"teacher_loss": 0.5123954221878284, "full_loss": 0.9378764903892798, "nle_loss": 1.1364561099987607, "teacher_perplexity": 1.4264166242960858, "nle_perplexity": 2.1984033535075858, "Accuracy": 0.9128225970331233, "BLEU": 0.1988632139536462}