{"teacher_loss": 1.4816227185726165, "full_loss": 2.371494700597587, "nle_loss": 2.9792052720113102, "teacher_perplexity": 2.7926266652857574, "nle_perplexity": 7.885516596301982, "Accuracy": 0.82, "BLEU": 0}