{"teacher_loss": 0.10284418524242937, "full_loss": 0.10284418433684803, "nle_loss": 0.0023707351068151185, "teacher_perplexity": 1.0738884826515112, "nle_perplexity": 1.0016446192604522, "Accuracy": 0.82, "BLEU": 0}