{"teacher_loss": 1.3227503377199172, "full_loss": 1.8885539643717904, "nle_loss": 2.359506849013442, "teacher_perplexity": 2.5014252443627605, "nle_perplexity": 5.1319490556697325, "Accuracy": 0.865, "BLEU": 0.053139216942168575}