{"teacher_loss": 0.5182206682194539, "full_loss": 0.9843953325638477, "nle_loss": 1.185528062383262, "teacher_perplexity": 1.4321877855250806, "nle_perplexity": 2.274466305551222, "Accuracy": 0.8757125407166124, "BLEU": 0.15649781368757626}