{"teacher_loss": 1.153257907629013, "full_loss": 1.8502161876296537, "nle_loss": 2.322453811118108, "teacher_perplexity": 2.2241558872758875, "nle_perplexity": 5.00182232562198, "Accuracy": 0.864, "BLEU": 0.041380725151230056}