{"teacher_loss": 1.741252453327179, "full_loss": 1.7412523669080258, "nle_loss": 6.625027362823486, "teacher_perplexity": 3.343252811326911, "nle_perplexity": 98.70336486216677, "Accuracy": 0.864, "BLEU": 0}