{"teacher_loss": 2.9010212993621827, "full_loss": 4.117804881099404, "nle_loss": 5.175852356887709, "teacher_perplexity": 7.469549835900974, "nle_perplexity": 36.14821132658113, "Accuracy": 0.762, "BLEU": 0.021864959224909525}