{"teacher_loss": 0.5163534114637026, "full_loss": 0.9804990214795956, "nle_loss": 1.1846909894016564, "teacher_perplexity": 1.43033532720122, "nle_perplexity": 2.2731470093652564, "Accuracy": 0.9075732899022801, "BLEU": 1.35633263562514e-157}