{"teacher_loss": 0.5335106045672666, "full_loss": 0.9763052348508765, "nle_loss": 1.1815690496777238, "teacher_perplexity": 1.447447081655054, "nle_perplexity": 2.268233320152444, "Accuracy": 0.9128225970331233, "BLEU": 3.4085938249621328e-06}