{"teacher_loss": 2.55128356218338, "full_loss": 4.067937736139738, "nle_loss": 5.137001118226702, "teacher_perplexity": 5.861555475881796, "nle_perplexity": 35.18774405192367, "Accuracy": 0.844, "BLEU": 0}