{"teacher_loss": 0.10194201964884997, "full_loss": 0.10194206094465748, "nle_loss": 1.380443401899356e-07, "teacher_perplexity": 1.073217154091688, "nle_perplexity": 1.0000000956850499, "Accuracy": 0.844, "BLEU": 0}