{"teacher_loss": 1.6979429656267166, "full_loss": 2.4193207341686342, "nle_loss": 3.0323270183932207, "teacher_perplexity": 3.2443803589864655, "nle_perplexity": 8.181282501380457, "Accuracy": 0.855, "BLEU": 0.03449187089518781}