{"teacher_loss": 0.600205551257463, "full_loss": 1.1369820758820566, "nle_loss": 1.341133047289611, "teacher_perplexity": 1.515932537060899, "nle_perplexity": 2.5335021396701887, "Accuracy": 0.7588558631921825, "BLEU": 0}