{"teacher_loss": 1.486851807832718, "full_loss": 2.379417077150837, "nle_loss": 2.9945721106135226, "teacher_perplexity": 2.8027669860005235, "nle_perplexity": 7.969957939656065, "Accuracy": 0.844, "BLEU": 0.038480970412418394}