{"teacher_loss": 0.08805916231125593, "full_loss": 0.08805915516649718, "nle_loss": 0.0016046798858442345, "teacher_perplexity": 1.0629392626792453, "nle_perplexity": 1.001112898150647, "Accuracy": 0.844, "BLEU": 0}