{"teacher_loss": 3.398543589115143, "full_loss": 4.821517263993923, "nle_loss": 6.027940556125041, "teacher_perplexity": 10.545412242419427, "nle_perplexity": 65.25156307322027, "Accuracy": 0.857, "BLEU": 0.03469651227508668}