{"teacher_loss": 0.5148445567706736, "full_loss": 0.9781316976235123, "nle_loss": 1.1699437818517937, "teacher_perplexity": 1.4288401810101494, "nle_perplexity": 2.2500292897633747, "Accuracy": 0.8659405537459284, "BLEU": 0.18865014720899706}