{"teacher_loss": 0.20133952255535406, "full_loss": 0.20133955062309328, "nle_loss": 8.440016122079897e-08, "teacher_perplexity": 1.1497654009545362, "nle_perplexity": 1.0000000585017355, "Accuracy": 0.87, "BLEU": 0}