{"teacher_loss": 2.984901776313782, "full_loss": 4.7577321951972475, "nle_loss": 5.978308462471707, "teacher_perplexity": 7.916714235587443, "nle_perplexity": 63.044930534203594, "Accuracy": 0.87, "BLEU": 0}